"exchange","stock_symbol","dividends"
"exchange","stock_symbol","NULL"
"NYSE","AA","NULL"
"NYSE","AA","NULL"
"NYSE","AA","NULL"
"NYSE","AA","NULL"
"NYSE","AA","NULL"
"NYSE","AA","NULL"
"NYSE","AA","NULL"
"NYSE","AA","NULL"
"NYSE","AA","NULL"
"NYSE","AA","NULL"
"NYSE","AA","NULL"
"NYSE","AA","NULL"
"NYSE","AA","NULL"
"NYSE","AA","NULL"
"NYSE","AA","NULL"
"NYSE","AA","NULL"
"NYSE","AA","NULL"
"NYSE","AA","NULL"
"NYSE","AA","NULL"
"NYSE","AA","NULL"
"NYSE","ABB","NULL"
"NYSE","ABB","NULL"
"NYSE","ABB","NULL"
"NYSE","ABB","NULL"
"NYSE","ABB","NULL"
"NYSE","ABB","NULL"
"NYSE","ABB","NULL"
"NYSE","ABB","NULL"
"NYSE","ABB","NULL"
"NYSE","ABB","NULL"
"NYSE","ABB","NULL"
"NYSE","ABB","NULL"
"NYSE","ABB","NULL"
"NYSE","ABB","NULL"
"NYSE","ABB","NULL"
"NYSE","ABB","NULL"
"NYSE","ABB","NULL"
"NYSE","ABB","NULL"
"NYSE","ABB","NULL"
"NYSE","ABB","NULL"
"NYSE","AAV","NULL"
"NYSE","AAV","NULL"
"NYSE","AAV","NULL"
"NYSE","AAV","NULL"
"NYSE","AAV","NULL"
"NYSE","AAV","NULL"
"NYSE","AAV","NULL"
"NYSE","AAV","NULL"
"NYSE","AAV","NULL"
"NYSE","AAV","NULL"
"NYSE","AAV","NULL"
"NYSE","AAV","NULL"
"NYSE","AAV","NULL"
"NYSE","AAV","NULL"
"NYSE","AAV","NULL"
"NYSE","AAV","NULL"
"NYSE","AAV","NULL"
"NYSE","AAV","NULL"
"NYSE","AAV","NULL"
"NYSE","AAV","NULL"
"NYSE","AB","NULL"
"NYSE","AB","NULL"
"NYSE","AB","NULL"
"NYSE","AB","NULL"
"NYSE","AB","NULL"
"NYSE","AB","NULL"
"NYSE","AB","NULL"
"NYSE","AB","NULL"
"NYSE","AB","NULL"
"NYSE","AB","NULL"
"NYSE","AB","NULL"
"NYSE","AB","NULL"
"NYSE","AB","NULL"
"NYSE","AB","NULL"
"NYSE","AB","NULL"
"NYSE","AB","NULL"
"NYSE","AB","NULL"
"NYSE","AB","NULL"
"NYSE","AB","NULL"
"NYSE","AB","NULL"
"NYSE","AAP","NULL"
"NYSE","AAP","NULL"
"NYSE","AAP","NULL"
"NYSE","AAP","NULL"
"NYSE","AAP","NULL"
"NYSE","AAP","NULL"
"NYSE","AAP","NULL"
"NYSE","AAP","NULL"
"NYSE","AAP","NULL"
"NYSE","AAP","NULL"
"NYSE","AAP","NULL"
"NYSE","AAP","NULL"
"NYSE","AAP","NULL"
"NYSE","AAP","NULL"
"NYSE","AAP","NULL"
"NYSE","AAP","NULL"
"NYSE","AAP","NULL"
"NYSE","AAP","NULL"
"NYSE","AAP","NULL"
"NYSE","AAP","NULL"
"NYSE","AAN","NULL"
"NYSE","AAN","NULL"
"NYSE","AAN","NULL"
"NYSE","AAN","NULL"
"NYSE","AAN","NULL"
"NYSE","AAN","NULL"
"NYSE","AAN","NULL"
"NYSE","AAN","NULL"
"NYSE","AAN","NULL"
"NYSE","AAN","NULL"
"NYSE","AAN","NULL"
"NYSE","AAN","NULL"
"NYSE","AAN","NULL"
"NYSE","AAN","NULL"
"NYSE","AAN","NULL"
"NYSE","AAN","NULL"
"NYSE","AAN","NULL"
"NYSE","AAN","NULL"
"NYSE","AAN","NULL"
"NYSE","AAN","NULL"
"NYSE","ABA","NULL"
"NYSE","ABA","NULL"
"NYSE","ABA","NULL"
"NYSE","ABA","NULL"
"NYSE","ABA","NULL"
"NYSE","ABA","NULL"
"NYSE","ABA","NULL"
"NYSE","ABA","NULL"
"NYSE","ABA","NULL"
"NYSE","ABA","NULL"
"NYSE","ABA","NULL"
"NYSE","ABA","NULL"
"NYSE","ABA","NULL"
"NYSE","ABA","NULL"
"NYSE","ABA","NULL"
"NYSE","ABA","NULL"
"NYSE","ABA","NULL"
"NYSE","ABA","NULL"
"NYSE","ABA","NULL"
"NYSE","ABA","NULL"
"NYSE","AAR","NULL"
"NYSE","AAR","NULL"
"NYSE","AAR","NULL"
"NYSE","AAR","NULL"
"NYSE","AAR","NULL"
"NYSE","AAR","NULL"
"NYSE","AAR","NULL"
"NYSE","AAR","NULL"
"NYSE","AAR","NULL"
"NYSE","AAR","NULL"
"NYSE","AAR","NULL"
"NYSE","AAR","NULL"
"NYSE","AAR","NULL"
"NYSE","AAR","NULL"
"NYSE","AAR","NULL"
"NYSE","AAR","NULL"
"NYSE","AAR","NULL"
"NYSE","AAR","NULL"
"NYSE","AAR","NULL"
"NYSE","AAR","NULL"
"NYSE","ABC","NULL"
"NYSE","ABC","NULL"
"NYSE","ABC","NULL"
"NYSE","ABC","NULL"
"NYSE","ABC","NULL"
"NYSE","ABC","NULL"
"NYSE","ABC","NULL"
"NYSE","ABC","NULL"
"NYSE","ABC","NULL"
"NYSE","ABC","NULL"
"NYSE","ABC","NULL"
"NYSE","ABC","NULL"
"NYSE","ABC","NULL"
"NYSE","ABC","NULL"
"NYSE","ABC","NULL"
"NYSE","ABC","NULL"
"NYSE","ABC","NULL"
"NYSE","ABC","NULL"
"NYSE","ABC","NULL"
"NYSE","ABC","NULL"
